"Tanggal","Terakhir","Pembukaan","Tertinggi","Terendah","Vol.","Perubahan%"
"14/01/2022","3.936,5","3.884,0","3.936,5","3.871,0","2,04M","0,86%"
"13/01/2022","3.903,0","3.893,0","3.913,2","3.872,5","1,92M","0,03%"
"12/01/2022","3.902,0","3.958,0","3.958,5","3.891,0","2,49M","-1,01%"
"11/01/2022","3.942,0","3.941,5","3.966,0","3.907,5","2,35M","-0,62%"
"10/01/2022","3.966,5","3.950,0","3.976,0","3.916,0","3,84M","0,81%"
"07/01/2022","3.934,5","3.900,0","3.934,5","3.897,5","2,56M","0,43%"
"06/01/2022","3.917,5","3.927,5","3.946,9","3.903,9","2,58M","-1,05%"
"05/01/2022","3.959,0","3.979,0","3.985,0","3.942,0","1,75M","-0,93%"
"04/01/2022","3.996,0","3.957,5","3.998,0","3.951,0","3,17M","1,28%"
"31/12/2021","3.945,5","3.946,5","3.960,5","3.922,5","937,48K","-0,53%"
"30/12/2021","3.966,5","3.982,0","3.982,0","3.961,0","1,14M","-0,11%"
"29/12/2021","3.971,0","3.982,0","4.004,2","3.963,5","1,74M","0,47%"
"24/12/2021","3.952,5","3.948,5","3.965,0","3.947,0","346,95K","-0,01%"
"23/12/2021","3.953,0","3.916,0","3.953,5","3.909,5","2,59M","0,69%"
"22/12/2021","3.926,0","3.935,5","3.939,3","3.889,5","1,96M","-0,37%"
"21/12/2021","3.940,5","3.987,5","3.992,0","3.925,0","2,23M","-1,03%"
"20/12/2021","3.981,5","3.958,5","3.989,5","3.932,5","3,74M","-0,01%"
"17/12/2021","3.982,0","3.995,0","4.011,5","3.965,5","9,26M","-0,01%"
"16/12/2021","3.982,5","3.983,0","4.000,0","3.949,5","4,34M","0,33%"
"15/12/2021","3.969,5","4.010,5","4.023,5","3.958,5","2,75M","-1,29%"
"14/12/2021","4.021,5","4.028,4","4.051,5","4.004,5","2,74M","0,00%"
"13/12/2021","4.021,5","4.010,5","4.021,5","3.985,5","3,87M","0,15%"
"10/12/2021","4.015,5","3.989,0","4.027,0","3.980,0","1,99M","0,84%"
"09/12/2021","3.982,0","3.995,5","3.995,5","3.961,5","2,80M","0,72%"
"08/12/2021","3.953,5","3.958,0","3.996,5","3.951,5","3,80M","0,01%"
"07/12/2021","3.953,0","3.960,0","3.968,5","3.919,5","3,58M","0,66%"
"06/12/2021","3.927,0","3.909,5","3.934,0","3.878,0","2,90M","1,24%"
"03/12/2021","3.879,0","3.883,0","3.895,0","3.864,0","3,20M","0,18%"
"02/12/2021","3.872,0","3.832,0","3.905,0","3.828,0","3,92M","0,45%"
"01/12/2021","3.854,5","3.839,0","3.873,0","3.810,0","4,88M","-0,12%"
"30/11/2021","3.859,0","3.919,5","3.928,0","3.859,0","9,00M","-1,58%"
"29/11/2021","3.921,0","3.931,5","3.951,0","3.898,4","4,54M","-0,77%"
"26/11/2021","3.951,5","3.918,0","3.964,0","3.888,5","5,20M","-0,57%"
"25/11/2021","3.974,0","3.910,0","3.984,0","3.901,5","3,73M","1,68%"
"24/11/2021","3.908,5","3.904,0","3.914,5","3.877,0","4,62M","0,15%"
"23/11/2021","3.902,5","3.843,0","3.907,0","3.842,3","2,87M","1,15%"
"22/11/2021","3.858,0","3.831,5","3.877,5","3.827,5","2,51M","0,23%"
"19/11/2021","3.849,0","3.801,0","3.874,5","3.792,0","3,95M","0,68%"
"18/11/2021","3.823,0","3.850,5","3.867,0","3.823,0","2,70M","-0,84%"
"17/11/2021","3.855,5","3.857,5","3.872,1","3.824,8","3,49M","-0,49%"
"16/11/2021","3.874,5","3.886,5","3.903,3","3.852,0","3,00M","-0,84%"
"15/11/2021","3.907,5","3.915,0","3.920,5","3.850,3","2,18M","-0,20%"
"12/11/2021","3.915,5","3.900,0","3.936,0","3.898,5","2,73M","-0,09%"
"11/11/2021","3.919,0","3.927,5","3.947,0","3.905,5","2,74M","0,03%"
"10/11/2021","3.918,0","3.912,5","3.923,0","3.885,0","2,41M","0,27%"
"09/11/2021","3.907,5","3.881,5","3.914,0","3.851,7","2,67M","0,71%"
"08/11/2021","3.880,0","3.909,0","3.909,0","3.862,5","2,52M","-0,51%"
"05/11/2021","3.900,0","3.901,5","3.932,0","3.894,2","4,03M","0,00%"
"04/11/2021","3.900,0","3.912,5","3.946,5","3.880,5","5,97M","-1,13%"
"03/11/2021","3.944,5","3.944,0","3.960,5","3.928,0","1,95M","-0,37%"
"02/11/2021","3.959,0","3.935,0","3.967,0","3.907,5","1,81M","0,75%"
"01/11/2021","3.929,5","3.945,0","3.950,0","3.899,5","2,09M","0,45%"
"29/10/2021","3.912,0","3.889,5","3.915,5","3.858,0","3,24M","0,31%"
"28/10/2021","3.900,0","3.884,0","3.911,0","3.877,0","2,16M","0,18%"
"27/10/2021","3.893,0","3.921,0","3.937,3","3.892,0","2,21M","-0,64%"
"26/10/2021","3.918,0","3.903,5","3.924,0","3.886,5","1,92M","0,99%"
"25/10/2021","3.879,5","3.900,0","3.928,0","3.871,0","2,20M","-0,35%"
"22/10/2021","3.893,0","3.880,5","3.915,3","3.867,5","1,82M","0,76%"
"21/10/2021","3.863,5","3.870,0","3.948,5","3.831,5","3,72M","1,17%"
"20/10/2021","3.819,0","3.816,5","3.846,5","3.806,0","2,47M","0,84%"
"19/10/2021","3.787,0","3.840,0","3.840,5","3.780,0","3,13M","-1,34%"
"18/10/2021","3.838,5","3.833,0","3.856,8","3.822,0","2,21M","-0,39%"
"15/10/2021","3.853,5","3.875,0","3.879,0","3.807,8","3,35M","-0,68%"
"14/10/2021","3.880,0","3.880,5","3.883,0","3.852,5","2,14M","0,38%"
"13/10/2021","3.865,5","3.833,5","3.882,0","3.816,0","3,85M","0,36%"
"12/10/2021","3.851,5","3.847,0","3.863,3","3.828,5","1,95M","-0,35%"
"11/10/2021","3.865,0","3.851,0","3.873,5","3.831,3","1,91M","-0,04%"
"08/10/2021","3.866,5","3.875,0","3.889,5","3.842,5","2,49M","-0,19%"
"07/10/2021","3.874,0","3.896,0","3.925,0","3.874,0","2,34M","-0,10%"
"06/10/2021","3.878,0","3.891,5","3.900,0","3.836,5","3,07M","-1,03%"
"05/10/2021","3.918,5","3.950,0","3.961,0","3.916,8","2,79M","-0,76%"
"04/10/2021","3.948,5","3.972,0","3.977,0","3.917,5","2,84M","-0,62%"
"01/10/2021","3.973,0","3.994,0","4.048,5","3.971,5","2,70M","-0,80%"
"30/09/2021","4.005,0","4.078,0","4.081,5","4.004,5","3,30M","-1,44%"
"29/09/2021","4.063,5","4.042,0","4.074,5","4.027,1","2,98M","1,27%"
"28/09/2021","4.012,5","3.957,5","4.042,5","3.948,5","3,08M","1,20%"
"27/09/2021","3.965,0","4.005,0","4.008,0","3.956,6","2,36M","-0,63%"
"24/09/2021","3.990,0","3.988,5","4.009,5","3.977,0","2,09M","-0,03%"
"23/09/2021","3.991,0","4.026,0","4.028,5","3.991,0","1,73M","-0,71%"
"22/09/2021","4.019,5","4.008,0","4.048,5","4.002,5","2,17M","0,16%"
"21/09/2021","4.013,0","3.988,0","4.035,0","3.969,5","2,24M","0,63%"
"20/09/2021","3.988,0","3.925,0","3.997,0","3.916,5","4,98M","1,79%"
"17/09/2021","3.918,0","3.970,5","3.976,5","3.915,0","7,19M","-0,71%"
"16/09/2021","3.946,0","3.935,0","3.971,7","3.926,3","2,97M","-0,58%"
"15/09/2021","3.969,0","4.001,5","4.014,5","3.969,0","3,14M","-0,96%"
"14/09/2021","4.007,5","3.999,0","4.045,5","3.990,0","2,38M","0,24%"
"13/09/2021","3.998,0","3.961,5","4.010,7","3.960,0","2,01M","0,99%"
"10/09/2021","3.959,0","3.964,0","3.978,3","3.942,5","2,06M","-0,16%"
"09/09/2021","3.965,5","4.007,5","4.029,5","3.965,5","2,20M","-1,42%"
"08/09/2021","4.022,5","3.977,5","4.032,0","3.940,0","3,30M","0,84%"
"07/09/2021","3.989,0","4.001,0","4.005,5","3.978,9","2,01M","-0,32%"
"06/09/2021","4.002,0","3.993,0","4.009,5","3.967,5","1,47M","0,60%"
"03/09/2021","3.978,0","3.969,0","4.018,5","3.952,5","2,74M","0,43%"
"02/09/2021","3.961,0","4.011,5","4.012,5","3.924,5","3,75M","-2,05%"
"01/09/2021","4.044,0","4.047,5","4.070,5","4.030,5","2,27M","-0,05%"
"31/08/2021","4.046,0","4.054,5","4.066,0","4.017,0","3,53M","0,02%"
"27/08/2021","4.045,0","4.069,0","4.071,5","4.045,0","1,73M","-0,43%"
"26/08/2021","4.062,5","4.023,0","4.072,0","4.008,5","1,80M","0,56%"
"25/08/2021","4.040,0","4.077,0","4.088,5","4.026,5","1,84M","-1,04%"
"24/08/2021","4.082,5","4.105,5","4.119,0","4.051,5","2,57M","-0,80%"
"23/08/2021","4.115,5","4.144,5","4.149,5","4.095,5","1,92M","-0,48%"
"20/08/2021","4.135,5","4.117,0","4.154,0","4.079,5","1,83M","0,67%"
"19/08/2021","4.108,0","4.080,5","4.109,0","4.053,5","1,51M","0,16%"
"18/08/2021","4.101,5","4.159,0","4.169,0","4.098,5","1,56M","-1,49%"
"17/08/2021","4.163,5","4.119,5","4.163,5","4.099,0","1,89M","0,81%"
"16/08/2021","4.130,0","4.149,5","4.164,0","4.081,5","1,96M","-0,70%"
"13/08/2021","4.159,0","4.140,5","4.170,5","4.137,0","1,64M","0,70%"
"12/08/2021","4.130,0","4.130,0","4.165,0","4.123,4","1,75M","-0,16%"
"11/08/2021","4.136,5","4.123,0","4.147,2","4.112,5","1,85M","0,72%"
"10/08/2021","4.107,0","4.130,5","4.136,5","4.101,5","2,62M","-0,42%"
"09/08/2021","4.124,5","4.092,0","4.129,0","4.072,2","1,64M","0,79%"
"06/08/2021","4.092,0","4.101,5","4.105,8","4.076,0","2,16M","-0,20%"
"05/08/2021","4.100,0","4.111,0","4.134,5","4.094,0","1,92M","-0,59%"
"04/08/2021","4.124,5","4.164,0","4.182,5","4.124,5","2,04M","-0,75%"
"03/08/2021","4.155,5","4.130,5","4.185,0","4.124,0","1,97M","0,54%"
"02/08/2021","4.133,0","4.171,0","4.171,0","4.094,0","2,08M","-0,43%"
"30/07/2021","4.151,0","4.095,0","4.160,5","4.086,0","3,29M","1,07%"
"29/07/2021","4.107,0","4.055,0","4.113,5","4.038,5","2,74M","1,42%"
"28/07/2021","4.049,5","4.043,0","4.071,7","4.037,5","2,96M","-0,05%"
"27/07/2021","4.051,5","4.011,5","4.092,5","3.986,0","2,92M","0,51%"
"26/07/2021","4.031,0","4.111,5","4.141,5","4.030,5","3,78M","-2,73%"
"23/07/2021","4.144,0","4.035,0","4.147,5","4.019,7","3,19M","2,31%"
"22/07/2021","4.050,5","4.190,0","4.194,8","4.031,0","7,02M","-5,87%"
"21/07/2021","4.303,0","4.330,0","4.354,0","4.298,5","3,00M","-0,43%"
"20/07/2021","4.321,5","4.369,0","4.388,0","4.316,5","3,93M","-0,56%"
"19/07/2021","4.346,0","4.356,5","4.369,0","4.312,5","2,43M","-0,28%"
"16/07/2021","4.358,0","4.318,0","4.359,0","4.301,3","2,81M","1,67%"
"15/07/2021","4.286,5","4.322,5","4.342,0","4.277,5","1,95M","-0,43%"
"14/07/2021","4.305,0","4.322,5","4.330,0","4.273,0","2,07M","-0,82%"
"13/07/2021","4.340,5","4.309,0","4.342,5","4.290,0","1,32M","0,77%"
"12/07/2021","4.307,5","4.275,5","4.309,5","4.266,0","2,47M","0,29%"
"09/07/2021","4.295,0","4.315,5","4.327,0","4.273,7","2,24M","-0,05%"
"08/07/2021","4.297,0","4.340,5","4.343,7","4.277,0","2,29M","-1,44%"
"07/07/2021","4.360,0","4.296,5","4.364,0","4.272,5","1,95M","1,58%"
"06/07/2021","4.292,0","4.239,5","4.292,0","4.239,0","2,08M","0,64%"
"05/07/2021","4.264,5","4.257,5","4.264,5","4.231,1","1,17M","-0,13%"
"02/07/2021","4.270,0","4.274,0","4.288,0","4.249,8","1,77M","0,21%"
"01/07/2021","4.261,0","4.232,0","4.273,7","4.226,0","2,14M","0,72%"
"30/06/2021","4.230,5","4.264,0","4.275,5","4.219,0","3,15M","-1,03%"
"29/06/2021","4.274,5","4.300,0","4.300,0","4.269,5","1,34M","-0,22%"
"28/06/2021","4.284,0","4.263,0","4.286,0","4.245,0","2,00M","0,59%"
"25/06/2021","4.259,0","4.250,0","4.267,0","4.225,0","2,25M","0,25%"
"24/06/2021","4.248,5","4.269,5","4.302,0","4.248,5","3,27M","-0,31%"
"23/06/2021","4.261,5","4.300,5","4.325,0","4.261,5","2,52M","-1,23%"
"22/06/2021","4.314,5","4.300,0","4.337,5","4.295,0","2,22M","0,23%"
"21/06/2021","4.304,5","4.295,5","4.349,9","4.284,8","1,79M","-0,06%"
"18/06/2021","4.307,0","4.360,5","4.374,5","4.286,5","8,72M","-1,03%"
"17/06/2021","4.352,0","4.312,5","4.359,0","4.293,1","2,45M","0,12%"
"16/06/2021","4.347,0","4.328,0","4.382,0","4.325,5","2,42M","0,22%"
"15/06/2021","4.337,5","4.317,5","4.360,6","4.311,5","2,53M","0,99%"
"14/06/2021","4.295,0","4.290,0","4.312,0","4.267,5","2,10M","0,50%"
"11/06/2021","4.273,5","4.275,0","4.291,0","4.259,8","2,12M","-0,16%"
"10/06/2021","4.280,5","4.264,0","4.304,0","4.255,5","2,63M","0,11%"
"09/06/2021","4.276,0","4.273,5","4.291,4","4.259,5","2,31M","-0,02%"
"08/06/2021","4.277,0","4.276,0","4.306,5","4.269,5","2,47M","0,26%"
"07/06/2021","4.266,0","4.288,5","4.288,5","4.253,5","1,77M","-0,16%"
"04/06/2021","4.273,0","4.280,0","4.303,5","4.249,5","1,63M","0,12%"
"03/06/2021","4.268,0","4.248,0","4.276,0","4.226,0","1,92M","0,42%"
"02/06/2021","4.250,0","4.241,5","4.372,2","4.232,5","1,91M","0,24%"
"01/06/2021","4.240,0","4.238,0","4.264,5","4.203,5","2,23M","0,32%"
"28/05/2021","4.226,5","4.190,0","4.247,0","4.175,5","3,85M","0,87%"
"27/05/2021","4.190,0","4.293,5","4.302,0","4.190,0","10,29M","-2,64%"
"26/05/2021","4.303,5","4.314,5","4.345,5","4.300,5","3,19M","-0,07%"
"25/05/2021","4.306,5","4.277,5","4.310,0","4.268,7","2,76M","0,84%"
"24/05/2021","4.270,5","4.290,5","4.304,0","4.268,5","2,10M","-0,16%"
"21/05/2021","4.277,5","4.289,5","4.301,5","4.256,5","2,86M","-0,44%"
"20/05/2021","4.296,5","4.274,5","4.296,5","4.256,5","2,21M","0,35%"
"19/05/2021","4.281,5","4.265,5","4.303,0","4.229,5","2,46M","0,06%"
"18/05/2021","4.279,0","4.326,0","4.327,0","4.279,0","2,50M","-0,73%"
"17/05/2021","4.310,5","4.300,0","4.327,0","4.284,0","1,72M","0,38%"
"14/05/2021","4.294,0","4.215,8","4.335,5","4.215,8","2,24M","0,41%"
"13/05/2021","4.276,5","4.237,0","4.283,6","4.203,5","2,10M","0,75%"
"12/05/2021","4.244,5","4.225,0","4.272,5","4.212,0","2,42M","0,57%"
"11/05/2021","4.220,5","4.254,0","4.273,5","4.189,5","2,84M","-1,36%"
"10/05/2021","4.278,5","4.244,0","4.339,4","4.232,1","3,32M","0,13%"
"07/05/2021","4.273,0","4.299,5","4.314,3","4.259,0","2,54M","-0,73%"
"06/05/2021","4.304,5","4.224,0","4.304,5","4.223,0","3,62M","1,97%"
"05/05/2021","4.221,5","4.183,5","4.245,0","4.157,5","2,49M","0,42%"
"04/05/2021","4.204,0","4.247,5","4.269,0","4.195,0","3,11M","-0,65%"
"30/04/2021","4.231,5","4.228,5","4.262,2","4.192,5","3,15M","0,44%"
"29/04/2021","4.213,0","4.132,5","4.240,7","4.130,0","4,42M","3,32%"
"28/04/2021","4.077,5","4.050,5","4.100,5","4.047,5","2,33M","0,62%"
"27/04/2021","4.052,5","4.075,5","4.104,0","4.045,0","2,15M","-0,82%"
"26/04/2021","4.086,0","4.084,5","4.104,9","4.056,5","1,58M","-0,67%"
"23/04/2021","4.113,5","4.110,0","4.133,5","4.072,0","2,38M","-0,44%"
"22/04/2021","4.131,5","4.114,5","4.214,6","4.081,0","3,85M","-0,19%"
"21/04/2021","4.139,5","4.130,5","4.145,5","4.100,1","2,47M","0,28%"
"20/04/2021","4.128,0","4.124,0","4.145,5","4.107,0","3,98M","-0,10%"
"19/04/2021","4.132,0","4.149,0","4.178,0","4.116,0","2,41M","-0,77%"
"16/04/2021","4.164,0","4.169,0","4.177,4","4.147,5","2,91M","-0,04%"
"15/04/2021","4.165,5","4.121,0","4.184,5","4.110,0","2,68M","1,13%"
"14/04/2021","4.119,0","4.123,5","4.145,0","4.096,0","2,25M","-0,46%"
"13/04/2021","4.138,0","4.128,5","4.147,5","4.106,0","1,81M","0,06%"
"12/04/2021","4.135,5","4.124,5","4.140,0","4.101,5","1,68M","0,11%"
"09/04/2021","4.131,0","4.161,5","4.164,5","4.113,7","2,70M","-0,84%"
"08/04/2021","4.166,0","4.095,5","4.188,6","4.073,0","4,19M","0,79%"
"07/04/2021","4.133,5","4.092,5","4.150,0","4.090,0","2,34M","1,10%"
"06/04/2021","4.088,5","4.049,0","4.095,5","4.041,7","2,30M","1,65%"
"01/04/2021","4.022,0","4.075,0","4.084,5","4.016,0","2,89M","-0,84%"
"31/03/2021","4.056,0","4.061,0","4.104,0","4.051,0","3,96M","-0,15%"
"30/03/2021","4.062,0","4.115,0","4.126,0","4.052,0","2,64M","-0,88%"
"29/03/2021","4.098,0","4.066,0","4.102,0","4.040,0","2,64M","1,34%"
"26/03/2021","4.044,0","4.061,0","4.078,6","4.023,0","2,54M","-0,39%"
"25/03/2021","4.060,0","4.058,0","4.110,0","4.044,5","2,67M","0,10%"
"24/03/2021","4.056,0","4.078,0","4.084,0","4.024,0","2,54M","-0,44%"
"23/03/2021","4.074,0","3.991,0","4.085,0","3.991,0","4,01M","1,29%"
"22/03/2021","4.022,0","3.958,0","4.027,0","3.929,3","3,83M","1,77%"
"19/03/2021","3.952,0","3.991,0","4.015,0","3.952,0","9,23M","-1,30%"
"18/03/2021","4.004,0","4.016,0","4.035,0","3.984,0","2,94M","-0,52%"
"17/03/2021","4.025,0","4.015,0","4.039,0","4.005,0","3,50M","0,27%"
"16/03/2021","4.014,0","3.987,0","4.027,0","3.963,0","3,42M","1,03%"
"15/03/2021","3.973,0","3.962,0","4.008,0","3.952,0","2,78M","0,58%"
"12/03/2021","3.950,0","3.918,0","3.961,5","3.907,0","2,94M","0,87%"
"11/03/2021","3.916,0","3.955,0","3.956,0","3.906,9","2,90M","-0,61%"
"10/03/2021","3.940,0","3.905,0","3.951,0","3.892,0","2,54M","0,59%"
"09/03/2021","3.917,0","3.895,0","4.042,7","3.889,0","2,88M","0,69%"
"08/03/2021","3.890,0","3.879,0","3.908,5","3.837,0","4,30M","-0,03%"
"05/03/2021","3.891,0","3.843,0","3.903,0","3.808,0","4,12M","0,96%"
"04/03/2021","3.854,0","3.811,0","3.890,0","3.802,0","3,45M","1,10%"
"03/03/2021","3.812,0","3.829,0","3.853,0","3.771,0","3,32M","0,00%"
"02/03/2021","3.812,0","3.790,0","3.840,0","3.778,0","4,16M","1,01%"
"01/03/2021","3.774,0","3.740,0","3.794,7","3.721,0","4,74M","1,10%"
"26/02/2021","3.733,0","3.827,0","3.868,0","3.730,0","6,49M","-2,30%"
"25/02/2021","3.821,0","3.808,0","3.840,0","3.800,0","2,77M","-0,47%"
"24/02/2021","3.839,0","3.905,0","3.908,0","3.811,0","4,78M","-2,07%"
"23/02/2021","3.920,0","3.838,0","3.920,0","3.802,0","3,91M","2,38%"
"22/02/2021","3.829,0","3.883,0","3.909,0","3.828,8","3,19M","-1,95%"
"19/02/2021","3.905,0","3.969,0","3.981,0","3.905,0","4,12M","-1,61%"
"18/02/2021","3.969,0","3.975,0","3.982,0","3.942,0","3,67M","-0,28%"
"17/02/2021","3.980,0","3.981,0","3.995,2","3.939,0","3,18M","-0,65%"
"16/02/2021","4.006,0","3.996,0","4.030,0","3.979,0","3,93M","0,58%"
"15/02/2021","3.983,0","3.960,0","4.001,0","3.915,0","2,62M","0,56%"
"12/02/2021","3.961,0","3.919,0","3.970,8","3.905,0","3,00M","1,49%"
"11/02/2021","3.903,0","3.916,0","3.956,0","3.884,0","4,95M","-0,89%"
"10/02/2021","3.938,0","3.947,0","3.964,0","3.929,9","2,79M","-0,30%"
"09/02/2021","3.950,0","3.981,0","3.981,0","3.908,0","3,90M","-0,13%"
"08/02/2021","3.955,0","4.021,0","4.030,0","3.955,0","3,14M","-0,63%"
"05/02/2021","3.980,0","4.076,0","4.163,5","3.980,0","6,91M","-2,14%"
"04/02/2021","4.067,0","4.250,0","4.335,0","4.050,0","6,08M","-6,20%"
"03/02/2021","4.336,0","4.292,0","4.364,0","4.275,0","2,65M","0,91%"
"02/02/2021","4.297,0","4.272,0","4.310,0","4.261,0","2,12M","0,51%"
"01/02/2021","4.275,0","4.305,0","4.305,0","4.245,0","2,22M","0,83%"
"29/01/2021","4.240,0","4.287,0","4.293,7","4.220,0","3,87M","-1,92%"
"28/01/2021","4.323,0","4.350,0","4.385,0","4.303,9","2,90M","-1,23%"
"27/01/2021","4.377,0","4.394,0","4.455,0","4.373,0","3,71M","-1,04%"
"26/01/2021","4.423,0","4.456,0","4.497,0","4.415,0","2,13M","-0,94%"
"25/01/2021","4.465,0","4.378,0","4.482,0","4.365,0","2,72M","1,99%"
"22/01/2021","4.378,0","4.365,0","4.388,0","4.338,9","1,87M","0,57%"
"21/01/2021","4.353,0","4.355,0","4.376,0","4.333,9","2,22M","0,00%"
"20/01/2021","4.353,0","4.350,0","4.374,0","4.321,0","2,47M","-0,64%"
"19/01/2021","4.381,0","4.371,0","4.410,0","4.356,0","2,02M","0,44%"
"18/01/2021","4.362,0","4.380,0","4.403,7","4.358,0","941,35K","-0,73%"
"15/01/2021","4.394,0","4.355,0","4.401,1","4.351,0","2,82M","0,92%"
"14/01/2021","4.354,0","4.350,0","4.374,0","4.336,0","4,53M","0,05%"
"13/01/2021","4.352,0","4.312,0","4.355,0","4.284,0","3,10M","0,72%"
"12/01/2021","4.321,0","4.380,0","4.411,0","4.296,0","2,94M","-2,15%"
"11/01/2021","4.416,0","4.450,0","4.464,0","4.413,0","2,00M","-0,76%"
"08/01/2021","4.450,0","4.438,0","4.464,0","4.377,6","9,55M","0,07%"
"07/01/2021","4.447,0","4.478,0","4.504,0","4.410,0","6,97M","-0,45%"
"06/01/2021","4.467,0","4.436,0","4.505,0","4.394,6","4,94M","0,70%"
"05/01/2021","4.436,0","4.440,0","4.471,0","4.413,0","2,87M","-0,56%"
"04/01/2021","4.461,0","4.447,0","4.519,0","4.427,0","2,97M","1,57%"
"31/12/2020","4.392,0","4.438,0","4.440,0","4.361,0","2,04M","-1,99%"
"30/12/2020","4.481,0","4.446,0","4.486,0","4.429,0","2,18M","0,45%"
"29/12/2020","4.461,0","4.408,0","4.480,7","4.387,0","2,39M","3,50%"
"24/12/2020","4.310,0","4.300,0","4.324,0","4.275,8","555,08K","-0,02%"
"23/12/2020","4.311,0","4.332,0","4.333,0","4.289,0","1,88M","-0,71%"
"22/12/2020","4.342,0","4.294,0","4.362,8","4.291,0","2,99M","1,14%"
"21/12/2020","4.293,0","4.362,0","4.384,0","4.289,0","3,02M","-1,26%"
"18/12/2020","4.348,0","4.362,0","4.382,0","4.332,0","5,69M","0,42%"
"17/12/2020","4.330,0","4.367,7","4.408,0","4.233,6","3,63M","-1,16%"
"16/12/2020","4.381,0","4.318,0","4.383,0","4.289,8","4,37M","1,84%"
"15/12/2020","4.302,0","4.366,0","4.405,0","4.302,0","4,20M","-1,40%"
"14/12/2020","4.363,0","4.411,0","4.414,0","4.362,0","3,73M","-1,29%"
"11/12/2020","4.420,0","4.393,0","4.438,0","4.375,0","3,59M","0,57%"
"10/12/2020","4.395,0","4.400,0","4.434,0","4.366,0","5,17M","0,99%"
"09/12/2020","4.352,0","4.379,0","4.394,0","4.269,0","5,58M","-0,05%"
"08/12/2020","4.354,0","4.332,0","4.358,0","4.279,0","5,69M","0,44%"
"07/12/2020","4.335,0","4.360,0","4.390,0","4.302,8","5,32M","0,21%"
"04/12/2020","4.326,0","4.310,0","4.365,0","4.254,8","6,57M","1,00%"
"03/12/2020","4.283,0","4.420,0","4.445,0","4.275,0","6,59M","-2,64%"
"02/12/2020","4.399,0","4.434,0","4.480,0","4.372,0","5,69M","-0,79%"
"01/12/2020","4.434,0","4.566,0","4.595,0","4.430,0","6,01M","-3,00%"
"30/11/2020","4.571,0","4.525,0","4.666,0","4.522,0","13,66M","-0,33%"
"27/11/2020","4.586,0","4.577,0","4.620,0","4.507,0","101,17M","0,09%"
"26/11/2020","4.582,0","4.640,0","4.653,1","4.529,0","3,82M","0,48%"
"25/11/2020","4.560,0","4.345,0","4.573,0","4.322,0","5,53M","5,07%"
"24/11/2020","4.340,0","4.388,0","4.400,9","4.323,0","3,71M","-0,62%"
"23/11/2020","4.367,0","4.458,0","4.466,0","4.351,0","3,76M","-2,00%"
"20/11/2020","4.456,0","4.464,0","4.490,0","4.440,0","3,49M","-0,16%"
"19/11/2020","4.463,0","4.486,0","4.528,0","4.453,0","2,42M","-1,30%"
"18/11/2020","4.522,0","4.506,0","4.576,0","4.500,0","2,44M","-0,94%"
"17/11/2020","4.565,0","4.602,0","4.666,7","4.554,0","4,16M","-1,66%"
"16/11/2020","4.642,0","4.779,0","4.779,0","4.640,0","3,14M","-2,25%"
"13/11/2020","4.749,0","4.788,0","4.788,0","4.747,0","1,62M","-1,00%"
"12/11/2020","4.797,0","4.770,0","4.834,0","4.764,0","1,90M","0,29%"
"11/11/2020","4.783,0","4.672,0","4.810,0","4.666,0","2,27M","2,18%"
"10/11/2020","4.681,0","4.676,0","4.735,0","4.631,0","2,90M","-0,78%"
"09/11/2020","4.718,0","4.735,0","4.863,0","4.703,4","3,06M","0,62%"
"06/11/2020","4.689,0","4.632,0","4.707,0","4.609,0","2,31M","0,45%"
"05/11/2020","4.668,0","4.689,0","4.745,0","4.652,0","2,95M","0,11%"
"04/11/2020","4.663,0","4.528,0","4.666,0","4.497,0","2,34M","2,42%"
"03/11/2020","4.553,0","4.482,0","4.554,0","4.458,0","2,38M","1,65%"
"02/11/2020","4.479,0","4.408,0","4.489,0","4.383,0","2,02M","1,70%"
"30/10/2020","4.404,0","4.418,0","4.427,6","4.372,0","3,15M","-1,32%"
"29/10/2020","4.463,0","4.465,0","4.508,0","4.415,0","3,08M","-1,72%"
"28/10/2020","4.541,0","4.653,0","4.665,0","4.476,0","2,75M","-3,16%"
"27/10/2020","4.689,0","4.665,0","4.704,0","4.578,1","2,62M","0,93%"
"26/10/2020","4.646,0","4.655,0","4.701,0","4.619,0","1,75M","-1,02%"
"23/10/2020","4.694,0","4.693,0","4.744,0","4.659,8","1,65M","-0,57%"
"22/10/2020","4.721,0","4.721,0","4.767,0","4.681,0","1,96M","0,38%"
"21/10/2020","4.703,0","4.849,0","4.852,0","4.692,0","2,03M","-2,75%"
"20/10/2020","4.836,0","4.793,0","4.864,0","4.764,0","1,62M","0,71%"
"19/10/2020","4.802,0","4.877,0","4.907,0","4.797,0","1,63M","-1,32%"
"16/10/2020","4.866,0","4.839,0","4.883,0","4.829,0","2,19M","0,85%"
"15/10/2020","4.825,0","4.857,0","4.873,0","4.800,0","2,70M","-1,37%"
"14/10/2020","4.892,0","4.902,0","4.944,0","4.853,0","3,96M","0,37%"
"13/10/2020","4.874,0","4.832,0","4.878,0","4.809,0","1,90M","0,47%"
"12/10/2020","4.851,0","4.823,0","4.861,0","4.805,0","1,38M","0,08%"
"09/10/2020","4.847,0","4.813,0","4.868,0","4.780,0","3,55M","0,71%"
"08/10/2020","4.813,0","4.785,0","4.825,0","4.770,0","1,78M","0,27%"
"07/10/2020","4.800,0","4.791,0","4.838,0","4.768,0","1,32M","0,13%"
"06/10/2020","4.794,0","4.853,0","4.853,0","4.780,1","2,70M","-0,95%"
"05/10/2020","4.840,0","4.861,0","4.900,0","4.829,0","1,37M","-0,04%"
"02/10/2020","4.842,0","4.786,0","4.842,0","4.767,0","2,01M","0,77%"
"01/10/2020","4.805,0","4.809,0","4.849,0","4.768,0","2,08M","0,61%"
"30/09/2020","4.776,0","4.804,0","4.837,0","4.776,0","1,50M","-0,60%"
"29/09/2020","4.805,0","4.804,0","4.814,0","4.756,0","2,11M","-0,12%"
"28/09/2020","4.811,0","4.763,0","4.829,0","4.728,0","1,64M","1,01%"
"25/09/2020","4.763,0","4.739,0","4.789,0","4.709,0","1,18M","0,74%"
"24/09/2020","4.728,0","4.743,0","4.799,0","4.708,0","1,86M","-1,07%"
"23/09/2020","4.779,0","4.766,0","4.831,0","4.748,0","2,12M","0,93%"
"22/09/2020","4.735,0","4.671,0","4.765,0","4.642,0","1,39M","1,61%"
"21/09/2020","4.660,0","4.706,0","4.715,0","4.632,0","2,01M","-1,69%"
"18/09/2020","4.740,0","4.835,0","4.835,0","4.731,0","3,22M","-1,66%"
"17/09/2020","4.820,0","4.772,0","4.832,3","4.734,6","1,49M","0,35%"
"16/09/2020","4.803,0","4.848,0","4.866,0","4.791,0","1,48M","-1,01%"
"15/09/2020","4.852,0","4.804,0","4.876,0","4.790,0","1,33M","1,02%"
"14/09/2020","4.803,0","4.850,0","4.870,0","4.793,3","1,08M","-0,60%"
"11/09/2020","4.832,0","4.788,0","4.868,0","4.767,0","1,56M","1,00%"
"10/09/2020","4.784,0","4.748,0","4.792,0","4.715,0","2,09M","0,86%"
"09/09/2020","4.743,0","4.600,0","4.777,0","4.600,0","2,59M","3,83%"
"08/09/2020","4.568,0","4.526,0","4.579,0","4.517,0","2,07M","1,11%"
"07/09/2020","4.518,0","4.433,0","4.532,0","4.422,0","1,09M","2,08%"
"04/09/2020","4.426,0","4.480,0","4.506,0","4.403,0","1,60M","-2,01%"
"03/09/2020","4.517,0","4.543,0","4.591,0","4.495,0","1,40M","-0,35%"
"02/09/2020","4.533,0","4.437,0","4.542,7","4.431,0","1,72M","2,42%"
"01/09/2020","4.426,0","4.466,0","4.476,0","4.374,0","2,18M","-0,76%"
"28/08/2020","4.460,0","4.563,0","4.575,0","4.452,0","1,55M","-2,30%"
"27/08/2020","4.565,0","4.561,0","4.616,0","4.535,0","1,07M","0,42%"
"26/08/2020","4.546,0","4.540,0","4.551,0","4.500,0","851,65K","-0,04%"
"25/08/2020","4.548,0","4.583,0","4.623,0","4.548,0","998,39K","-0,72%"
"24/08/2020","4.581,0","4.546,0","4.609,0","4.536,0","1,14M","1,60%"
"21/08/2020","4.509,0","4.527,0","4.538,0","4.456,0","1,27M","-0,70%"
"20/08/2020","4.541,0","4.548,0","4.563,0","4.516,0","1,50M","-0,44%"
"19/08/2020","4.561,0","4.502,0","4.569,0","4.476,0","1,95M","1,15%"
"18/08/2020","4.509,0","4.521,0","4.552,0","4.492,0","2,07M","-0,90%"
"17/08/2020","4.550,0","4.535,0","4.556,0","4.498,0","2,15M","0,20%"
"14/08/2020","4.541,0","4.556,0","4.563,0","4.467,0","1,63M","-0,92%"
"13/08/2020","4.583,0","4.578,0","4.603,1","4.550,4","1,31M","-0,13%"
"12/08/2020","4.589,0","4.485,0","4.601,0","4.470,0","1,81M","2,32%"
"11/08/2020","4.485,0","4.520,0","4.576,8","4.468,0","1,56M","-0,77%"
"10/08/2020","4.520,0","4.542,0","4.575,0","4.510,0","1,89M","-0,42%"
"07/08/2020","4.539,0","4.553,0","4.573,0","4.529,0","2,73M","-0,83%"
"06/08/2020","4.577,0","4.610,0","4.610,0","4.530,0","3,52M","-1,84%"
"05/08/2020","4.663,0","4.696,0","4.718,0","4.649,0","1,22M","-0,09%"
"04/08/2020","4.667,0","4.661,0","4.688,0","4.631,0","1,66M","0,06%"
"03/08/2020","4.664,0","4.560,0","4.709,0","4.560,0","1,57M","1,99%"
"31/07/2020","4.573,0","4.579,0","4.650,0","4.568,0","2,67M","-1,72%"
"30/07/2020","4.653,0","4.732,0","4.754,0","4.585,0","1,88M","-2,21%"
"29/07/2020","4.758,0","4.718,0","4.794,0","4.715,0","1,60M","1,47%"
"28/07/2020","4.689,0","4.680,0","4.699,0","4.622,0","1,76M","-0,23%"
"27/07/2020","4.700,0","4.668,0","4.740,0","4.664,0","1,77M","0,47%"
"24/07/2020","4.678,0","4.652,0","4.739,0","4.619,0","2,69M","0,15%"
"23/07/2020","4.671,0","4.638,0","4.748,0","4.590,0","3,97M","7,88%"
"22/07/2020","4.330,0","4.339,0","4.374,0","4.299,0","2,87M","-0,48%"
"21/07/2020","4.351,0","4.337,0","4.383,0","4.309,0","2,60M","0,28%"
"20/07/2020","4.339,0","4.380,0","4.393,0","4.333,0","1,09M","-0,85%"
"17/07/2020","4.376,0","4.331,0","4.389,0","4.315,0","1,53M","1,51%"
"16/07/2020","4.311,0","4.306,0","4.333,0","4.272,0","1,63M","-0,85%"
"15/07/2020","4.348,0","4.317,0","4.375,6","4.316,0","1,66M","0,98%"
"14/07/2020","4.306,0","4.298,0","4.320,0","4.271,0","1,76M","0,54%"
"13/07/2020","4.283,0","4.221,0","4.283,0","4.221,0","1,31M","2,15%"
"10/07/2020","4.193,0","4.152,0","4.223,0","4.152,0","1,96M","-0,52%"
"09/07/2020","4.215,0","4.238,0","4.260,0","4.213,0","1,34M","-0,80%"
"08/07/2020","4.249,0","4.274,0","4.288,0","4.234,4","1,81M","-0,31%"
"07/07/2020","4.262,0","4.317,0","4.343,0","4.262,0","1,28M","-2,07%"
"06/07/2020","4.352,0","4.361,0","4.396,0","4.336,0","1,10M","0,79%"
"03/07/2020","4.318,0","4.424,0","4.427,0","4.309,0","1,03M","-2,33%"
"02/07/2020","4.421,0","4.348,0","4.421,0","4.324,0","1,55M","1,91%"
"01/07/2020","4.338,0","4.338,0","4.366,0","4.283,0","1,71M","-0,39%"
"30/06/2020","4.355,0","4.418,0","4.457,0","4.354,0","2,50M","-1,98%"
"29/06/2020","4.443,0","4.473,0","4.473,0","4.404,0","1,78M","-1,68%"
"26/06/2020","4.519,0","4.455,0","4.555,0","4.454,0","1,54M","1,23%"
"25/06/2020","4.464,0","4.460,0","4.495,0","4.418,0","1,63M","-0,36%"
"24/06/2020","4.480,0","4.518,0","4.534,0","4.468,0","3,18M","-1,37%"
"23/06/2020","4.542,0","4.541,0","4.557,0","4.508,0","1,63M","0,04%"
"22/06/2020","4.540,0","4.581,0","4.629,0","4.534,0","2,39M","-1,99%"
"19/06/2020","4.632,0","4.520,0","4.635,0","4.520,0","4,11M","2,77%"
"18/06/2020","4.507,0","4.480,0","4.529,2","4.462,0","2,80M","0,11%"
"17/06/2020","4.502,0","4.420,0","4.507,1","4.409,7","2,86M","1,90%"
"16/06/2020","4.418,0","4.334,0","4.418,0","4.292,0","2,68M","2,98%"
"15/06/2020","4.290,0","4.257,0","4.300,0","4.174,0","2,20M","-0,33%"
"12/06/2020","4.304,0","4.333,0","4.347,0","4.236,0","3,10M","-0,74%"
"11/06/2020","4.336,0","4.336,0","4.469,3","4.301,0","5,17M","-0,96%"
"10/06/2020","4.378,0","4.305,0","4.403,2","4.296,0","2,40M","1,02%"
"09/06/2020","4.334,0","4.385,0","4.438,0","4.321,0","2,55M","-1,37%"
"08/06/2020","4.394,0","4.382,0","4.411,0","4.319,0","2,08M","-0,34%"
"05/06/2020","4.409,0","4.398,0","4.419,0","4.359,6","1,59M","0,20%"
"04/06/2020","4.400,0","4.362,0","4.432,0","4.351,0","2,05M","0,02%"
"03/06/2020","4.399,0","4.316,0","4.410,0","4.300,0","1,93M","2,11%"
"02/06/2020","4.308,0","4.311,0","4.336,0","4.292,4","1,70M","-0,19%"
"01/06/2020","4.316,0","4.354,0","4.361,1","4.293,0","1,19M","-0,37%"
"29/05/2020","4.332,0","4.300,0","4.372,0","4.256,0","6,89M","0,05%"
"28/05/2020","4.330,0","4.206,0","4.330,0","4.195,0","2,36M","3,10%"
"27/05/2020","4.200,0","4.125,0","4.203,0","4.070,4","3,14M","1,89%"
"26/05/2020","4.122,0","4.181,0","4.193,0","4.088,0","2,15M","0,17%"
"22/05/2020","4.115,0","4.084,0","4.129,0","4.051,0","1,94M","-0,22%"
"21/05/2020","4.124,0","4.156,0","4.167,1","4.124,0","3,22M","-1,03%"
"20/05/2020","4.167,0","4.108,0","4.179,0","4.106,0","2,69M","1,17%"
"19/05/2020","4.119,0","4.269,0","4.285,0","4.119,0","2,39M","-2,62%"
"18/05/2020","4.230,0","4.185,0","4.241,2","4.163,0","1,88M","2,40%"
"15/05/2020","4.131,0","4.112,0","4.150,0","4.086,0","1,84M","0,54%"
"14/05/2020","4.109,0","4.141,0","4.169,0","4.085,3","2,95M","-2,49%"
"13/05/2020","4.214,0","4.188,0","4.245,0","4.159,0","2,47M","-0,35%"
"12/05/2020","4.229,0","4.147,0","4.229,0","4.136,0","2,38M","1,34%"
"11/05/2020","4.173,0","4.117,0","4.175,0","4.093,0","2,30M","2,20%"
"07/05/2020","4.083,0","3.999,0","4.083,0","3.981,0","2,83M","1,62%"
"06/05/2020","4.018,0","4.044,0","4.069,0","4.011,0","1,32M","-0,25%"
"05/05/2020","4.028,0","4.049,0","4.053,0","3.997,0","2,12M","-0,64%"
"04/05/2020","4.054,0","4.066,0","4.094,0","4.009,2","2,20M","-1,10%"
"01/05/2020","4.099,0","4.050,0","4.124,6","4.026,0","963,86K","-0,07%"
"30/04/2020","4.102,0","4.138,0","4.195,0","4.082,0","3,56M","-0,05%"
"29/04/2020","4.104,0","4.063,0","4.119,0","4.035,0","1,93M","0,81%"
"28/04/2020","4.071,0","4.108,0","4.126,0","4.047,0","2,30M","-0,76%"
"27/04/2020","4.102,0","4.124,0","4.157,9","4.083,0","1,49M","0,24%"
"24/04/2020","4.092,0","4.106,0","4.152,0","4.074,0","1,93M","-1,80%"
"23/04/2020","4.167,0","4.075,0","4.197,0","3.999,0","5,86M","-1,79%"
"22/04/2020","4.243,0","4.230,0","4.269,7","4.211,0","2,12M","1,02%"
"21/04/2020","4.200,0","4.280,0","4.327,0","4.187,0","2,59M","-2,39%"
"20/04/2020","4.303,0","4.151,0","4.303,0","4.151,0","2,14M","4,57%"
"17/04/2020","4.115,0","4.229,0","4.240,0","4.095,0","3,01M","-0,36%"
"16/04/2020","4.130,0","4.122,0","4.150,2","4.070,0","2,78M","-0,15%"
"15/04/2020","4.136,0","4.171,0","4.264,5","4.105,0","2,92M","-1,45%"
"14/04/2020","4.197,0","4.127,0","4.213,0","4.090,0","2,29M","1,77%"
"09/04/2020","4.124,0","4.101,0","4.152,0","4.030,0","2,08M","0,81%"
"08/04/2020","4.091,0","4.081,0","4.121,0","4.039,0","2,43M","-1,73%"
"07/04/2020","4.163,0","4.183,0","4.221,0","4.121,0","2,67M","0,65%"
"06/04/2020","4.136,0","4.116,0","4.165,0","4.096,0","1,81M","2,45%"
"03/04/2020","4.037,0","4.044,0","4.072,0","4.004,0","2,43M","-0,15%"
"02/04/2020","4.043,0","3.994,0","4.043,0","3.953,0","2,77M","1,23%"
"01/04/2020","3.994,0","3.974,0","4.013,0","3.907,0","3,20M","-2,00%"
"31/03/2020","4.075,5","4.135,0","4.135,0","3.984,0","3,98M","1,48%"
"30/03/2020","4.016,0","3.928,0","4.016,0","3.842,0","2,98M","2,15%"
"27/03/2020","3.931,5","3.938,5","3.977,0","3.845,0","3,40M","-2,29%"
"26/03/2020","4.023,5","3.938,5","4.023,5","3.885,0","4,48M","1,16%"
"25/03/2020","3.977,5","4.016,5","4.081,1","3.900,0","5,16M","-0,50%"
"24/03/2020","3.997,5","3.958,0","3.997,5","3.840,0","4,75M","1,65%"
"23/03/2020","3.932,5","3.937,0","4.168,5","3.884,0","5,09M","-4,98%"
"20/03/2020","4.138,5","4.464,0","4.531,0","4.026,0","6,04M","-4,66%"
"19/03/2020","4.341,0","4.208,5","4.409,5","4.042,5","6,57M","5,80%"
"18/03/2020","4.103,0","4.010,5","4.299,0","3.943,5","6,03M","0,26%"
"17/03/2020","4.092,5","3.847,5","4.126,5","3.759,5","7,10M","9,84%"
"16/03/2020","3.726,0","3.703,5","3.804,5","3.583,5","5,71M","-3,33%"
"13/03/2020","3.854,5","3.937,5","4.088,0","3.783,5","5,13M","0,08%"
"12/03/2020","3.851,5","3.968,0","3.995,5","3.770,0","6,14M","-5,45%"
"11/03/2020","4.073,5","4.165,5","4.183,8","4.056,5","3,89M","-0,11%"
"10/03/2020","4.078,0","4.207,0","4.251,0","4.058,5","3,70M","-2,15%"
"09/03/2020","4.167,5","4.170,0","4.256,1","4.132,5","4,36M","-4,24%"
"06/03/2020","4.352,0","4.412,0","4.491,5","4.323,5","3,40M","-2,90%"
"05/03/2020","4.482,0","4.485,0","4.497,0","4.416,5","2,96M","0,50%"
"04/03/2020","4.459,5","4.403,5","4.460,5","4.380,0","2,34M","1,76%"
"03/03/2020","4.382,5","4.336,5","4.442,0","4.308,5","3,31M","1,45%"
"02/03/2020","4.320,0","4.295,0","4.334,5","4.185,5","5,48M","3,60%"
"28/02/2020","4.170,0","4.230,0","4.321,0","4.094,9","6,10M","-3,49%"
"27/02/2020","4.321,0","4.337,5","4.415,0","4.294,5","3,28M","-1,49%"
"26/02/2020","4.386,5","4.368,5","4.386,5","4.298,5","2,60M","-0,14%"
"25/02/2020","4.392,5","4.476,0","4.492,0","4.384,5","2,41M","-2,02%"
"24/02/2020","4.483,0","4.544,0","4.548,2","4.428,5","2,24M","-2,39%"
"21/02/2020","4.593,0","4.587,0","4.600,5","4.553,5","3,30M","-0,07%"
"20/02/2020","4.596,0","4.603,5","4.613,0","4.552,5","1,59M","-0,63%"
"19/02/2020","4.625,0","4.629,0","4.656,5","4.608,0","1,86M","-0,17%"
"18/02/2020","4.633,0","4.620,0","4.662,0","4.609,5","1,53M","0,06%"
"17/02/2020","4.630,0","4.630,0","4.646,8","4.612,0","1,06M","0,53%"
"14/02/2020","4.605,5","4.623,0","4.625,5","4.590,0","1,43M","-0,14%"
"13/02/2020","4.612,0","4.644,5","4.730,0","4.572,0","1,89M","-1,06%"
"12/02/2020","4.661,5","4.699,0","4.700,0","4.653,5","1,50M","-0,57%"
"11/02/2020","4.688,0","4.693,5","4.728,0","4.673,0","1,43M","0,05%"
"10/02/2020","4.685,5","4.701,5","4.707,1","4.654,5","1,27M","-0,22%"
"07/02/2020","4.696,0","4.692,0","4.710,0","4.668,0","1,76M","0,01%"
"06/02/2020","4.695,5","4.641,0","4.703,5","4.614,0","2,11M","1,28%"
"05/02/2020","4.636,0","4.570,0","4.639,5","4.554,0","1,77M","0,93%"
"04/02/2020","4.593,5","4.606,5","4.627,0","4.560,5","1,71M","0,29%"
"03/02/2020","4.580,0","4.548,5","4.602,0","4.530,5","2,41M","1,03%"
"31/01/2020","4.533,5","4.578,0","4.578,0","4.513,0","2,19M","0,13%"
"30/01/2020","4.527,5","4.477,0","4.539,5","4.460,0","2,84M","2,02%"
"29/01/2020","4.438,0","4.500,5","4.511,5","4.407,5","3,18M","-1,39%"
"28/01/2020","4.500,5","4.455,5","4.517,5","4.450,0","2,53M","1,63%"
"27/01/2020","4.428,5","4.464,5","4.489,5","4.403,0","3,23M","-1,02%"
"24/01/2020","4.474,0","4.419,0","4.485,5","4.401,5","2,32M","2,42%"
"23/01/2020","4.368,5","4.409,5","4.409,5","4.354,5","2,41M","-0,42%"
"22/01/2020","4.387,0","4.414,5","4.425,6","4.378,5","2,22M","-0,59%"
"21/01/2020","4.413,0","4.394,5","4.416,5","4.360,5","2,04M","0,28%"
"20/01/2020","4.400,5","4.420,0","4.421,5","4.383,5","881,17K","0,01%"
"17/01/2020","4.400,0","4.350,0","4.403,5","4.329,5","2,39M","1,06%"
"16/01/2020","4.354,0","4.347,5","4.366,5","4.317,5","2,06M","0,05%"
"15/01/2020","4.352,0","4.327,0","4.366,0","4.318,0","2,02M","0,75%"
"14/01/2020","4.319,5","4.348,0","4.357,5","4.310,0","1,74M","-0,54%"
"13/01/2020","4.343,0","4.331,5","4.347,7","4.310,5","2,16M","0,89%"
"10/01/2020","4.304,5","4.299,5","4.323,5","4.268,5","3,97M","0,55%"
"09/01/2020","4.281,0","4.264,5","4.299,5","4.255,0","1,49M","0,97%"
"08/01/2020","4.240,0","4.240,0","4.263,5","4.215,0","2,03M","-1,11%"
"07/01/2020","4.287,5","4.325,0","4.345,5","4.279,5","2,16M","-0,86%"
"06/01/2020","4.324,5","4.332,5","4.343,5","4.295,0","1,32M","-0,75%"
"03/01/2020","4.357,0","4.314,0","4.360,0","4.307,5","1,43M","0,23%"
"02/01/2020","4.347,0","4.349,0","4.361,0","4.334,5","1,37M","-0,08%"
"31/12/2019","4.350,5","4.367,0","4.406,5","4.337,0","502,59K","-0,51%"
"30/12/2019","4.373,0","4.426,0","4.430,2","4.372,5","953,69K","-0,97%"
"27/12/2019","4.416,0","4.395,5","4.429,0","4.372,5","1,05M","0,60%"
"24/12/2019","4.389,5","4.409,0","4.411,7","4.382,0","527,39K","-0,89%"
"23/12/2019","4.429,0","4.382,0","4.466,5","4.357,5","1,60M","1,42%"
"20/12/2019","4.367,0","4.351,5","4.378,5","4.333,5","3,22M","0,71%"
"19/12/2019","4.336,0","4.281,0","4.337,0","4.260,0","2,48M","1,34%"
"18/12/2019","4.278,5","4.260,5","4.343,8","4.260,5","2,99M","-0,48%"
"17/12/2019","4.299,0","4.412,0","4.456,7","4.289,7","6,38M","-7,16%"
"16/12/2019","4.630,5","4.557,5","4.652,0","4.546,0","2,09M","1,88%"
"13/12/2019","4.545,0","4.444,0","4.557,0","4.414,5","2,56M","0,34%"
"12/12/2019","4.529,5","4.517,5","4.555,0","4.505,0","1,98M","0,11%"
"11/12/2019","4.524,5","4.552,0","4.574,0","4.500,5","2,01M","-0,53%"
"10/12/2019","4.548,5","4.563,5","4.574,5","4.480,0","1,59M","0,09%"
"09/12/2019","4.544,5","4.539,5","4.566,0","4.510,5","1,18M","-0,14%"
"06/12/2019","4.551,0","4.497,0","4.552,5","4.462,5","1,27M","1,70%"
"05/12/2019","4.475,0","4.528,0","4.528,0","4.469,0","1,32M","-1,01%"
"04/12/2019","4.520,5","4.517,5","4.534,5","4.495,0","1,81M","-0,09%"
"03/12/2019","4.524,5","4.561,5","4.566,0","4.508,5","1,72M","-0,39%"
"02/12/2019","4.542,0","4.604,5","4.622,5","4.529,5","2,06M","-0,79%"
"29/11/2019","4.578,0","4.555,5","4.607,5","4.550,5","1,35M","0,14%"
"28/11/2019","4.571,5","4.553,0","4.581,5","4.533,5","539,57K","0,20%"
"27/11/2019","4.562,5","4.580,0","4.600,0","4.546,5","1,16M","0,04%"
"26/11/2019","4.560,5","4.542,0","4.592,9","4.497,0","3,09M","0,93%"
"25/11/2019","4.518,5","4.509,0","4.521,0","4.478,0","1,75M","0,04%"
"22/11/2019","4.516,5","4.486,0","4.529,0","4.472,5","1,80M","0,48%"
"21/11/2019","4.495,0","4.528,0","4.528,0","4.475,5","1,61M","-0,70%"
"20/11/2019","4.526,5","4.562,0","4.576,5","4.510,5","1,43M","-0,68%"
"19/11/2019","4.557,5","4.557,0","4.587,0","4.545,0","1,24M","-0,21%"
"18/11/2019","4.567,0","4.562,5","4.581,0","4.510,5","2,31M","-0,02%"
"15/11/2019","4.568,0","4.589,5","4.611,5","4.535,5","2,12M","-0,76%"
"14/11/2019","4.603,0","4.643,0","4.677,5","4.569,5","2,01M","-0,49%"
"13/11/2019","4.625,5","4.594,0","4.663,9","4.594,0","1,54M","0,62%"
"12/11/2019","4.597,0","4.632,5","4.640,0","4.591,5","2,35M","-0,35%"
"11/11/2019","4.613,0","4.675,0","4.697,8","4.583,5","1,71M","-1,33%"
"08/11/2019","4.675,0","4.654,0","4.702,5","4.645,7","1,28M","0,44%"
"07/11/2019","4.654,5","4.702,0","4.706,1","4.629,0","1,56M","-0,75%"
"06/11/2019","4.689,5","4.606,5","4.716,3","4.577,0","2,15M","1,82%"
"05/11/2019","4.605,5","4.584,0","4.615,5","4.558,5","1,49M","0,23%"
"04/11/2019","4.595,0","4.621,0","4.630,0","4.578,5","1,55M","-0,37%"
"01/11/2019","4.612,0","4.633,0","4.664,5","4.602,5","1,54M","-0,23%"
"31/10/2019","4.622,5","4.628,0","4.666,0","4.604,5","1,83M","-0,63%"
"30/10/2019","4.652,0","4.600,5","4.670,0","4.567,5","1,64M","1,23%"
"29/10/2019","4.595,5","4.578,0","4.598,0","4.533,0","1,85M","0,83%"
"28/10/2019","4.557,5","4.611,5","4.611,5","4.557,5","1,59M","-1,60%"
"25/10/2019","4.631,5","4.618,0","4.632,0","4.593,0","1,58M","0,00%"
"24/10/2019","4.631,5","4.560,5","4.631,5","4.552,5","2,33M","1,45%"
"23/10/2019","4.565,5","4.588,0","4.611,5","4.551,0","1,67M","-0,44%"
"22/10/2019","4.585,5","4.526,0","4.601,0","4.508,0","1,49M","0,60%"
"21/10/2019","4.558,0","4.620,0","4.628,0","4.530,5","2,06M","-1,47%"
"18/10/2019","4.626,0","4.620,0","4.647,5","4.581,5","2,07M","-0,57%"
"17/10/2019","4.652,5","4.706,5","4.714,5","4.635,5","2,72M","0,95%"
"16/10/2019","4.608,5","4.576,5","4.654,5","4.576,5","2,89M","0,88%"
"15/10/2019","4.568,5","4.650,0","4.652,5","4.541,0","3,23M","-1,65%"
"14/10/2019","4.645,0","4.665,0","4.683,5","4.633,0","1,61M","-0,04%"
"11/10/2019","4.647,0","4.740,0","4.740,0","4.621,0","3,00M","-2,77%"
"10/10/2019","4.779,5","4.860,0","4.861,0","4.776,5","2,35M","-1,25%"
"09/10/2019","4.840,0","4.824,5","4.892,5","4.824,5","1,86M","0,07%"
"08/10/2019","4.836,5","4.852,0","4.898,0","4.832,5","2,43M","-0,13%"
"07/10/2019","4.843,0","4.814,5","4.843,0","4.802,5","1,71M","0,86%"
"04/10/2019","4.801,5","4.816,0","4.825,5","4.767,0","2,21M","0,37%"
"03/10/2019","4.784,0","4.784,0","4.816,5","4.757,5","2,53M","-0,03%"
"02/10/2019","4.785,5","4.909,5","4.923,5","4.785,5","2,65M","-2,18%"
"01/10/2019","4.892,0","4.900,0","4.930,0","4.843,0","2,82M","0,04%"
"30/09/2019","4.890,0","4.921,5","4.934,0","4.864,5","2,20M","-0,56%"
"27/09/2019","4.917,5","4.914,5","4.970,0","4.892,0","1,77M","0,30%"
"26/09/2019","4.903,0","4.838,0","4.936,0","4.818,0","2,30M","0,85%"
"25/09/2019","4.861,5","4.894,0","4.917,0","4.843,5","1,84M","-0,88%"
"24/09/2019","4.904,5","4.858,5","4.916,5","4.838,0","1,47M","0,76%"
"23/09/2019","4.867,5","4.810,0","4.890,5","4.804,5","1,66M","1,51%"
"20/09/2019","4.795,0","4.910,0","4.910,0","4.795,0","5,67M","-2,54%"
"19/09/2019","4.920,0","4.903,5","4.945,0","4.903,5","1,89M","-0,18%"
"18/09/2019","4.929,0","4.928,0","4.949,0","4.905,0","1,50M","-0,17%"
"17/09/2019","4.937,5","4.833,5","4.939,0","4.820,0","2,05M","1,81%"
"16/09/2019","4.849,5","4.869,0","5.000,0","4.849,5","1,73M","-1,24%"
"13/09/2019","4.910,5","4.972,0","4.983,0","4.890,4","1,88M","-1,85%"
"12/09/2019","5.003,0","4.992,0","5.030,0","4.940,5","2,21M","0,82%"
"11/09/2019","4.962,5","4.964,5","4.966,0","4.908,0","2,53M","0,18%"
"10/09/2019","4.953,5","5.037,0","5.079,0","4.938,0","3,84M","-2,16%"
"09/09/2019","5.063,0","5.213,0","5.219,0","5.063,0","1,66M","-2,45%"
"06/09/2019","5.190,0","5.182,0","5.224,0","5.161,0","2,13M","0,21%"
"05/09/2019","5.179,0","5.317,0","5.324,0","5.171,0","2,65M","-2,41%"
"04/09/2019","5.307,0","5.333,0","5.333,0","5.262,0","1,63M","-0,32%"
"03/09/2019","5.324,0","5.289,0","5.330,0","5.264,0","2,06M","1,01%"
"02/09/2019","5.271,0","5.228,0","5.308,0","5.205,0","1,74M","1,44%"
"30/08/2019","5.196,0","5.166,0","5.234,1","5.157,0","1,93M","0,89%"
"29/08/2019","5.150,0","5.124,0","5.248,8","5.093,0","1,55M","0,27%"
"28/08/2019","5.136,0","5.094,0","5.144,0","5.060,0","1,96M","0,80%"
"27/08/2019","5.095,0","5.030,0","5.095,0","4.991,5","2,89M","1,70%"
"23/08/2019","5.010,0","5.046,0","5.075,0","5.010,0","1,13M","-0,30%"
"22/08/2019","5.025,0","5.098,0","5.126,0","5.011,0","2,08M","-1,80%"
"21/08/2019","5.117,0","5.071,0","5.121,0","5.067,0","1,34M","0,93%"
"20/08/2019","5.070,0","5.110,0","5.167,0","5.067,0","1,37M","-0,41%"
"19/08/2019","5.091,0","5.054,0","5.100,0","5.021,0","1,59M","1,60%"
"16/08/2019","5.011,0","5.000,0","5.015,0","4.950,0","1,54M","0,69%"
"15/08/2019","4.976,5","4.941,0","5.001,0","4.934,7","2,05M","0,19%"
"14/08/2019","4.967,0","4.927,5","4.974,8","4.909,7","2,20M","1,22%"
"13/08/2019","4.907,0","4.932,0","4.940,0","4.870,0","1,94M","-0,42%"
"12/08/2019","4.927,5","4.906,5","4.937,0","4.878,0","1,36M","1,09%"
"09/08/2019","4.874,5","4.866,5","4.911,0","4.848,5","2,17M","0,15%"
"08/08/2019","4.867,0","4.844,5","4.867,0","4.811,0","1,39M","0,08%"
"07/08/2019","4.863,0","4.820,0","4.873,0","4.796,5","2,34M","0,77%"
"06/08/2019","4.826,0","4.849,0","4.907,4","4.819,5","1,83M","-0,86%"
"05/08/2019","4.868,0","4.900,0","4.952,0","4.855,0","1,83M","-1,45%"
"02/08/2019","4.939,5","5.036,0","5.042,0","4.920,5","2,58M","-1,35%"
"01/08/2019","5.007,0","4.950,0","5.039,0","4.920,0","1,82M","1,04%"
"31/07/2019","4.955,5","5.005,0","5.008,0","4.939,5","2,26M","-1,66%"
"30/07/2019","5.039,0","5.025,0","5.071,1","5.013,0","1,76M","0,52%"
"29/07/2019","5.013,0","4.924,5","5.039,0","4.898,5","1,84M","2,33%"
"26/07/2019","4.899,0","4.918,5","4.928,0","4.854,0","2,11M","0,06%"
"25/07/2019","4.896,0","5.000,0","5.020,0","4.862,5","2,58M","-2,04%"
"24/07/2019","4.998,0","5.040,0","5.056,0","4.987,5","1,85M","-0,87%"
"23/07/2019","5.042,0","5.049,0","5.089,0","5.031,0","1,49M","0,24%"
"22/07/2019","5.030,0","5.005,0","5.043,0","4.977,5","1,35M","0,38%"
"19/07/2019","5.011,0","5.079,0","5.105,0","5.007,0","2,01M","-1,07%"
"18/07/2019","5.065,0","5.081,0","5.091,0","5.043,0","1,49M","-0,28%"
"17/07/2019","5.079,0","5.099,0","5.122,0","5.056,0","1,54M","-0,24%"
"16/07/2019","5.091,0","5.030,0","5.108,0","5.016,0","1,46M","1,31%"
"15/07/2019","5.025,0","4.995,0","5.043,5","4.975,5","1,27M","0,44%"
"12/07/2019","5.003,0","5.017,0","5.021,9","4.967,5","1,38M","0,09%"
"11/07/2019","4.998,5","5.022,0","5.040,0","4.994,0","2,57M","-0,47%"
"10/07/2019","5.022,0","5.023,0","5.038,0","4.970,0","1,75M","-0,32%"
"09/07/2019","5.038,0","5.057,0","5.069,0","5.020,0","2,13M","-0,45%"
"08/07/2019","5.061,0","5.062,0","5.084,0","5.040,0","1,18M","0,32%"
"05/07/2019","5.045,0","5.054,0","5.075,0","5.022,0","1,35M","-0,34%"
"04/07/2019","5.062,0","5.079,0","5.091,9","5.031,0","1,18M","-0,41%"
"03/07/2019","5.083,0","5.039,0","5.100,0","5.027,0","1,76M","1,34%"
"02/07/2019","5.016,0","4.907,5","5.016,0","4.894,0","2,59M","2,19%"
"01/07/2019","4.908,5","4.946,0","4.946,0","4.895,5","1,44M","0,29%"
"28/06/2019","4.894,5","4.884,5","4.894,5","4.857,0","1,93M","0,66%"
"27/06/2019","4.862,5","4.887,5","4.887,5","4.816,7","1,75M","-0,59%"
"26/06/2019","4.891,5","4.922,5","4.947,0","4.886,0","1,67M","-0,90%"
"25/06/2019","4.936,0","4.927,0","4.958,5","4.903,5","1,25M","-0,31%"
"24/06/2019","4.951,5","4.899,5","4.959,0","4.885,0","1,54M","0,88%"
"21/06/2019","4.908,5","4.899,0","4.917,5","4.865,5","4,73M","-0,09%"
"20/06/2019","4.913,0","4.943,0","4.969,5","4.910,5","1,95M","-0,28%"
"19/06/2019","4.927,0","4.993,5","4.993,5","4.917,5","1,94M","-1,13%"
"18/06/2019","4.983,5","4.977,0","5.038,0","4.955,0","2,00M","0,33%"
"17/06/2019","4.967,0","4.969,0","4.987,5","4.950,2","1,43M","-0,13%"
"14/06/2019","4.973,5","4.936,5","4.976,5","4.924,5","1,41M","0,54%"
"13/06/2019","4.947,0","4.964,0","4.988,0","4.933,5","2,24M","-0,51%"
"12/06/2019","4.972,5","4.920,0","4.983,0","4.891,0","1,64M","1,11%"
"11/06/2019","4.918,0","4.906,0","4.932,0","4.883,0","2,44M","0,39%"
"10/06/2019","4.899,0","4.923,5","4.923,5","4.882,5","1,13M","-0,31%"
"07/06/2019","4.914,0","4.875,5","4.918,5","4.875,5","1,76M","0,70%"
"06/06/2019","4.880,0","4.867,0","4.891,5","4.847,5","1,66M","0,45%"
"05/06/2019","4.858,0","4.822,0","4.863,0","4.801,5","1,80M","0,90%"
"04/06/2019","4.814,5","4.857,0","4.858,0","4.803,0","1,93M","-0,83%"
"03/06/2019","4.855,0","4.821,0","4.863,0","4.804,5","1,78M","0,37%"
"31/05/2019","4.837,0","4.860,0","4.870,0","4.825,5","1,34M","-1,02%"
"30/05/2019","4.887,0","4.839,5","4.891,0","4.812,0","1,55M","0,97%"
"29/05/2019","4.840,0","4.833,0","4.840,0","4.787,5","1,65M","-0,40%"
"28/05/2019","4.859,5","4.900,0","4.908,2","4.836,4","2,77M","-0,49%"
"24/05/2019","4.883,5","4.857,0","4.900,0","4.834,0","1,78M","0,92%"
"23/05/2019","4.839,0","4.860,5","4.873,5","4.805,5","1,81M","-0,37%"
"22/05/2019","4.857,0","4.764,5","4.857,5","4.761,5","2,25M","2,23%"
"21/05/2019","4.751,0","4.800,5","4.813,5","4.740,5","1,24M","-0,76%"
"20/05/2019","4.787,5","4.800,0","4.808,5","4.742,5","1,39M","-0,19%"
"17/05/2019","4.796,5","4.755,5","4.797,5","4.755,5","1,20M","0,45%"
"16/05/2019","4.775,0","4.693,0","4.775,0","4.670,0","1,87M","1,81%"
"15/05/2019","4.690,0","4.639,5","4.690,5","4.627,5","1,32M","1,07%"
"14/05/2019","4.640,5","4.667,5","4.667,5","4.614,0","1,87M","-0,19%"
"13/05/2019","4.649,5","4.640,5","4.662,0","4.601,5","1,64M","0,87%"
"10/05/2019","4.609,5","4.620,5","4.641,0","4.596,0","1,62M","-0,03%"
"09/05/2019","4.611,0","4.616,5","4.653,0","4.602,0","1,50M","-0,39%"
"08/05/2019","4.629,0","4.601,5","4.647,0","4.585,0","3,50M","0,78%"
"07/05/2019","4.593,0","4.592,5","4.637,0","4.583,5","2,54M","-0,22%"
"03/05/2019","4.603,0","4.635,0","4.659,2","4.591,0","1,30M","0,29%"
"02/05/2019","4.589,5","4.550,0","4.611,0","4.540,0","1,94M","-0,87%"
"01/05/2019","4.630,0","4.695,0","4.699,5","4.630,0","1,78M","-0,59%"
"30/04/2019","4.657,5","4.613,5","4.657,5","4.597,0","2,24M","1,03%"
"29/04/2019","4.610,0","4.587,0","4.621,0","4.546,0","1,40M","0,50%"
"26/04/2019","4.587,0","4.554,0","4.587,0","4.531,5","2,34M","0,75%"
"25/04/2019","4.553,0","4.539,0","4.557,5","4.517,5","1,74M","0,44%"
"24/04/2019","4.533,0","4.545,5","4.545,5","4.500,5","1,70M","0,12%"
"23/04/2019","4.527,5","4.468,0","4.536,9","4.464,5","2,43M","0,53%"
"18/04/2019","4.503,5","4.412,0","4.550,8","4.410,0","3,07M","2,87%"
"17/04/2019","4.378,0","4.380,5","4.381,5","4.314,0","2,21M","0,14%"
"16/04/2019","4.372,0","4.369,5","4.374,0","4.347,0","1,62M","0,60%"
"15/04/2019","4.346,0","4.356,0","4.371,5","4.335,0","1,24M","-0,41%"
"12/04/2019","4.364,0","4.398,0","4.420,2","4.322,5","1,67M","-0,66%"
"11/04/2019","4.393,0","4.382,5","4.422,5","4.377,0","1,07M","-0,02%"
"10/04/2019","4.394,0","4.375,5","4.405,0","4.366,0","1,48M","-0,55%"
"09/04/2019","4.418,5","4.400,0","4.420,0","4.370,5","1,47M","0,12%"
"08/04/2019","4.413,0","4.427,5","4.427,5","4.371,0","1,27M","0,25%"
"05/04/2019","4.402,0","4.391,5","4.420,0","4.368,0","1,22M","0,06%"
"04/04/2019","4.399,5","4.381,0","4.404,7","4.367,5","1,49M","0,34%"
"03/04/2019","4.384,5","4.385,5","4.387,5","4.322,5","2,48M","-0,19%"
"02/04/2019","4.393,0","4.374,5","4.431,0","4.374,0","2,09M","0,87%"
"01/04/2019","4.355,0","4.410,0","4.414,5","4.344,0","1,97M","-0,91%"
"29/03/2019","4.395,0","4.407,5","4.425,5","4.368,0","2,21M","-0,12%"
"28/03/2019","4.400,5","4.351,0","4.406,5","4.351,0","1,49M","1,22%"
"27/03/2019","4.347,5","4.368,5","4.369,1","4.315,5","1,54M","-0,07%"
"26/03/2019","4.350,5","4.345,5","4.376,5","4.317,0","1,62M","0,49%"
"25/03/2019","4.329,5","4.322,5","4.342,0","4.290,0","1,54M","0,00%"
"22/03/2019","4.329,5","4.370,0","4.383,5","4.316,5","1,89M","-1,59%"
"21/03/2019","4.399,5","4.320,0","4.408,5","4.320,0","2,33M","2,50%"
"20/03/2019","4.292,0","4.267,5","4.316,5","4.263,5","2,44M","0,81%"
"19/03/2019","4.257,5","4.259,0","4.282,0","4.252,5","1,87M","-0,20%"
"18/03/2019","4.266,0","4.275,0","4.284,0","4.252,0","1,89M","0,29%"
"15/03/2019","4.253,5","4.228,0","4.269,5","4.210,5","4,04M","1,44%"
"14/03/2019","4.193,0","4.140,0","4.211,5","4.120,5","2,20M","1,30%"
"13/03/2019","4.139,0","4.130,5","4.179,0","4.121,5","2,15M","0,01%"
"12/03/2019","4.138,5","4.090,0","4.147,0","4.021,5","2,66M","0,63%"
"11/03/2019","4.112,5","4.187,5","4.209,5","4.093,5","2,57M","-1,17%"
"08/03/2019","4.161,0","4.111,0","4.184,5","4.111,0","1,94M","0,97%"
"07/03/2019","4.121,0","4.045,5","4.122,9","4.038,5","1,97M","1,85%"
"06/03/2019","4.046,0","4.093,0","4.093,0","4.038,5","1,58M","-0,65%"
"05/03/2019","4.072,5","4.015,5","4.084,0","3.994,0","1,94M","1,83%"
"04/03/2019","3.999,5","3.982,5","4.020,0","3.968,5","1,77M","0,41%"
"01/03/2019","3.983,0","4.015,0","4.036,5","3.967,0","2,72M","-0,62%"
"28/02/2019","4.008,0","3.960,0","4.012,5","3.960,0","4,08M","0,50%"
"27/02/2019","3.988,0","4.066,5","4.070,0","3.944,0","3,80M","-3,13%"
"26/02/2019","4.117,0","4.129,5","4.143,5","4.071,5","2,08M","-0,95%"
"25/02/2019","4.156,5","4.210,0","4.221,5","4.139,5","2,29M","-0,80%"
"22/02/2019","4.190,0","4.237,5","4.248,0","4.175,5","2,83M","-1,54%"
"21/02/2019","4.255,5","4.237,5","4.279,5","4.227,5","1,69M","0,46%"
"20/02/2019","4.236,0","4.221,5","4.243,0","4.198,5","1,76M","0,64%"
"19/02/2019","4.209,0","4.266,0","4.266,0","4.197,0","1,59M","-1,13%"
"18/02/2019","4.257,0","4.236,0","4.269,0","4.217,5","1,13M","0,19%"
"15/02/2019","4.249,0","4.260,0","4.282,0","4.241,5","1,77M","-0,04%"
"14/02/2019","4.250,5","4.256,0","4.267,5","4.231,0","2,01M","-0,23%"
"13/02/2019","4.260,5","4.268,0","4.278,5","4.236,0","2,20M","0,09%"
"12/02/2019","4.256,5","4.216,5","4.256,5","4.206,0","2,92M","1,21%"
"11/02/2019","4.205,5","4.181,0","4.210,5","4.163,0","2,37M","0,69%"
"08/02/2019","4.176,5","4.178,5","4.206,5","4.153,5","1,44M","0,08%"
"07/02/2019","4.173,0","4.153,5","4.191,5","4.153,5","2,11M","0,07%"
"06/02/2019","4.170,0","4.200,0","4.219,0","4.165,5","1,61M","-1,31%"
"05/02/2019","4.225,5","4.098,5","4.227,0","4.087,5","2,97M","2,97%"
"04/02/2019","4.103,5","4.045,0","4.134,0","4.045,0","1,91M","0,95%"
"01/02/2019","4.065,0","3.998,0","4.079,5","3.998,0","2,39M","2,02%"
"31/01/2019","3.984,5","3.995,0","4.034,0","3.904,9","3,34M","-1,99%"
"30/01/2019","4.065,5","4.023,0","4.071,0","4.021,5","2,56M","0,96%"
"29/01/2019","4.027,0","3.957,5","4.031,0","3.947,5","2,42M","2,18%"
"28/01/2019","3.941,0","3.962,0","3.962,0","3.924,0","1,66M","-0,87%"
"25/01/2019","3.975,5","3.994,5","4.013,0","3.973,5","1,81M","-0,75%"
"24/01/2019","4.005,5","4.043,5","4.053,0","4.005,5","1,63M","-0,66%"
"23/01/2019","4.032,0","4.014,0","4.064,0","3.991,0","1,77M","0,26%"
"22/01/2019","4.021,5","4.046,5","4.070,5","4.009,5","2,23M","-0,81%"
"21/01/2019","4.054,5","4.053,5","4.082,5","4.037,5","1,37M","-0,09%"
"18/01/2019","4.058,0","4.021,0","4.071,0","3.996,5","2,06M","0,90%"
"17/01/2019","4.022,0","3.997,5","4.038,5","3.989,5","1,45M","0,58%"
"16/01/2019","3.999,0","4.069,5","4.073,0","3.984,5","2,32M","-1,95%"
"15/01/2019","4.078,5","4.036,5","4.091,1","4.029,5","1,65M","1,24%"
"14/01/2019","4.028,5","4.076,0","4.088,0","4.011,5","2,30M","-1,74%"
"11/01/2019","4.100,0","4.097,0","4.150,0","4.086,5","3,59M","0,20%"
"10/01/2019","4.092,0","4.057,0","4.093,5","4.054,0","1,63M","-0,10%"
"09/01/2019","4.096,0","4.105,0","4.118,5","4.070,5","2,06M","-0,09%"
"08/01/2019","4.099,5","4.068,5","4.113,0","4.053,5","1,91M","-0,13%"
"07/01/2019","4.105,0","4.141,5","4.145,5","4.072,5","1,56M","-1,13%"
"04/01/2019","4.152,0","4.151,0","4.164,0","4.098,5","1,74M","0,74%"
"03/01/2019","4.121,5","4.128,0","4.153,0","4.098,0","1,88M","-0,52%"
"02/01/2019","4.143,0","4.118,0","4.155,5","4.086,0","1,69M","0,84%"